price,secondsale,view,favorite,rarity,art,collectable,background,accessory,hat
0.45,5,20,0,50.7,0,0,Yes,None,None
2,4,31,2,40.91,0,0,Yes,None,None
0.34,8,32,0,83.2,0,0,Yes,None,None
8.88,5,64,1,61.97,0,0,Yes,None,None
9,5,31,0,60.57,0,0,None,None,None
2.2,5,134,3,84.13,0,0,Yes,None,None
2.2,5,144,3,89.72,0,0,Yes,None,None
1.5,5,95,0,156.71,0,0,Yes,Yes,None
0.1,10,14,0,43.73,0,0,Yes,None,None
1,5,68,2,73.24,0,0,Yes,None,None
0.16,3,687,1,57.4,0,0,Yes,None,None
0.38,3,499,0,145.8,0,0,Yes,None,None
0.09,5,11,0,113.19,0,0,Yes,Yes,None
3,5,80,4,146.96,0,0,None,None,None
3,10,52,0,74.49,0,0,Yes,None,None
2,10,33,0,50.54,0,0,Yes,None,None
0.5,5,50,0,101.16,0,0,Yes,None,None
10,5,71,1,550.09,0,0,Yes,None,None
3,3,88,3,143.04,0,0,Yes,None,None
0.2,10,24,1,167.18,0,0,Yes,None,None
0.2,10,23,1,159.04,0,0,Yes,None,None
0.35,5,35,0,54.84,0,0,Yes,None,None
0.2,5,36,0,97.29,0,0,Yes,None,None
0.69,5,98,0,78.58,0,0,None,None,None
1,10,20,0,418.48,0,0,None,None,None
2,5,25,0,64.18,0,0,Yes,None,None
1,10,53,2,594.45,0,0,None,None,None
1,10,17,1,231.63,0,0,None,None,Yes
1.8,5,86,3,68.17,0,0,Yes,None,None
3.99,8,18,0,123.33,0,0,None,Yes,None
0.9,5,19,0,100.59,0,0,Yes,None,None
2,4.9,17,0,143.1,0,0,Yes,None,None
0.27,10,29,0,233.79,0,0,Yes,None,None
10,4,20,0,101.46,0,0,Yes,None,None
5,4,29,0,76.56,0,0,Yes,None,None
3,5,134,4,57.34,0,0,Yes,None,Yes
0.2,0.05,27,0,112.78,0,0,Yes,None,None
1,0.05,21,0,116.98,0,0,Yes,None,None
0.6,0.05,28,0,95.47,0,0,Yes,None,None
0.4,0.05,22,0,126.09,0,0,Yes,None,None
1,0.05,13,1,173.59,0,0,Yes,None,None
1.1,0.05,20,1,177.08,0,0,Yes,None,None
0.2,0.05,24,1,129.09,0,0,Yes,None,None
0.7,0.05,54,1,161.28,0,0,Yes,None,None
0.4,0.05,45,1,104.17,0,0,Yes,None,None
0.14,0.05,15,1,86.82,0,0,Yes,None,None
0.14,0.05,14,1,76.28,0,0,Yes,None,None
0.14,0.05,18,1,98.94,0,0,Yes,None,None
0.14,0.05,48,2,74.29,0,0,Yes,None,None
5,10,67,4,69.59,0,0,Yes,None,None
2,5,437,0,191.85,0,0,Yes,Yes,None
7.5,10,,,128.66,0,0,None,None,None
15,10,,,320.74,0,0,None,None,None
10,10,,,221.9,0,0,None,None,None
0.5,15,20,0,113.93,0,0,None,None,None
0.99,4,11,0,70.16,0,0,Yes,None,None
0.99,4,19,0,64.44,0,0,Yes,None,None
0.99,4,14,1,71.39,0,0,Yes,None,None
0.09,5,50,0,117.48,0,0,Yes,Yes,None
2,15,241,1,15.32,0,0,None,None,None
0.85,8,22,0,133.05,0,0,Yes,None,None
0.9,0,72,2,99.46,0,0,None,None,None
4,5,31,0,69.28,0,0,Yes,None,Yes
0.32,5,57,3,87.1,0,0,Yes,None,None
1,0.05,62,2,148.37,0,0,Yes,None,None
1,5,26,0,457.4,0,0,Yes,None,None
25,8,608,5,249.59,0,0,Yes,None,None
0.85,5,39,2,102.18,0,0,Yes,None,None
2.8,15,165,0,192.36,0,0,None,None,None
5.5,5,40,0,252.64,0,0,Yes,None,None
0.2,0.05,27,1,88.64,0,0,Yes,None,None
0.55,3,42,0,77.51,0,0,Yes,None,None
10,15,15,0,300.5,0,0,None,None,None
0.25,15,27,0,59.77,0,0,None,None,None
1.45,5,178,2,130,0,0,None,None,None
17,5,6853,71,87.13,0,0,Yes,None,Yes
5,8,478,2,88.45,0,0,None,Yes,None
15,0.05,41,0,120.55,0,0,Yes,None,None
19,4,50,1,167.08,0,0,Yes,None,None
0.45,4.9,27,2,159.47,0,0,Yes,None,None
0.25,10,46,0,42.97,0,0,None,None,None
1,5,5051,4,135.41,0,0,Yes,Yes,None
1.49,5,51,1,50.93,0,0,Yes,None,None
0.49,5,25,1,116.36,0,0,Yes,Yes,None
1.5,8,164,1,123.41,0,0,None,Yes,None
1,5,31,0,106.18,0,0,Yes,Yes,None
4.9,5,64,4,264.67,0,0,Yes,None,None
0.67,3,38,5,48.97,0,0,Yes,None,None
1.5,5,79,0,21.85,0,0,Yes,None,None
1.4,5,20,2,106.87,0,0,Yes,None,None
1.5,5,25,2,95.64,0,0,Yes,None,None
3.5,5,72,0,129.27,0,0,Yes,None,None
2,5,201,1,208.99,0,0,Yes,None,None
0.1,3,15,0,59.02,0,0,Yes,None,None
2.99,8,274,1,126.36,0,0,None,Yes,None
2.5,8,43,0,114.32,0,0,None,Yes,None
0.06,5,14,3,52.03,0,0,None,None,None
2.5,10,33,0,89.98,0,0,None,None,None
0.75,8,18,0,189.66,0,0,Yes,None,None
3.5,10,236,2,165.66,0,0,Yes,None,None
2,8,135,3,162.87,0,0,None,Yes,None
2.2,5,164,2,69.41,0,0,Yes,None,Yes
1,5,26,1,54.26,0,0,None,None,None
3.8,5,29,0,87.18,0,0,Yes,None,None
0.13,10,44,0,177.58,0,0,Yes,None,None
0.27,5,22,1,128.85,0,0,Yes,None,None
0.6,5,44,2,103.35,0,0,Yes,Yes,None
0.5,9,43,0,78.84,1,1,Yes,None,None
5,5,77,2,80.02,0,0,None,None,None
2,5,82,2,69.88,0,0,Yes,None,None
1,5,21,0,35.91,0,0,Yes,None,None
0.89,5,63,1,68.67,0,0,Yes,None,None
1,5,26,0,45,0,0,Yes,None,None
2,5,31,0,52.8,0,0,Yes,None,None
0.5,0.05,41,0,57.69,0,0,Yes,None,None
1.11,15,111,1,302.32,0,0,None,None,None
0.5,5,30,1,95.02,0,0,Yes,None,None
0.2,5,35,1,107.08,0,0,Yes,None,None
0.5,10,52,0,42.41,0,0,Yes,None,None
0.15,15,39,2,131.34,0,0,None,None,None
0.06,10,49,0,42.89,0,0,Yes,None,None
0.16,10,57,0,42.27,0,0,Yes,None,None
1.5,5,125,1,95.39,0,0,Yes,None,None
2,15,16,0,169.46,0,0,None,None,None
0.5,10,37,0,42.87,0,0,Yes,None,None
4.5,8,583,0,111.42,0,0,None,Yes,None
3.5,8,315,0,104.7,0,0,None,Yes,None
3.5,8,287,0,152.34,0,0,None,Yes,None
19,5,1878,26,158.39,0,0,Yes,None,Yes
0.4,5,36,0,182,0,0,Yes,None,None
1.5,5,87,1,109.75,0,0,None,None,None
0.07,5,37,2,94.92,0,0,Yes,None,None
0.8,5,25,1,108.76,0,0,Yes,Yes,None
1,10,21,1,108.53,0,0,Yes,None,None
0.8,5,28,1,172.82,0,0,None,None,None
0.6,5,17,1,146.69,0,0,None,None,None
0.66,4,22,0,66.97,0,0,Yes,None,None
4.98,5,498,13,51.59,0,0,Yes,None,None
2.69,5,215,8,611.51,0,0,Yes,None,None
1,5,52,0,67.34,0,0,Yes,None,None
0.9,5,51,0,62.35,0,0,Yes,None,None
0.44,5,51,0,77.97,0,0,Yes,None,None
1.5,5,126,3,456.83,0,0,Yes,None,None
2,10,132,4,176.09,0,0,None,None,None
3.25,8,27,0,91.12,0,0,None,Yes,None
1.15,9,65,0,171.78,1,1,Yes,None,None
3,5,28,0,68.83,0,0,Yes,None,None
3,5,15,0,86.73,0,0,Yes,None,None
3,5,26,0,69.63,0,0,Yes,None,None
3,5,29,0,98.38,0,0,Yes,None,None
3,5,38,0,98.93,0,0,Yes,None,None
0.22,10,49,0,224.63,0,0,Yes,None,None
5,5,26,2,121.25,0,0,Yes,None,None
3,5,21,2,80.13,0,0,Yes,None,None
1.3,5,19,0,95.27,0,0,Yes,None,None
1.3,5,24,0,65.23,0,0,Yes,None,None
3,15,213,2,33.49,0,0,None,None,None
0.15,0.05,24,0,73.73,0,0,Yes,None,None
3.99,5,532,31,49.59,0,0,Yes,None,None
5,5,40,0,49.94,0,0,Yes,None,None
1.5,5,44,0,48.21,0,0,Yes,None,None
0.09,10,32,0,61.27,0,0,Yes,None,None
3.69,5,211,12,287.19,0,0,Yes,None,None
11.1,10,36,0,72.96,0,0,None,None,None
5.9,5,582,6,172.47,0,0,None,None,None
0.7,15,39,0,39.92,0,0,None,None,None
1,8,15,0,371.99,0,0,Yes,None,None
0.75,8,67,1,107.32,0,0,None,Yes,None
10,4.9,32,0,89.9,0,0,Yes,None,None
5.5,0.05,78,3,117.56,0,0,Yes,None,None
2,5,23,1,65.51,0,0,None,None,None
3,8,29,0,93.15,0,0,None,Yes,None
2,8,38,0,3453.01,0,0,Yes,None,None
0.35,5,50,4,58.13,0,0,Yes,None,None
2,8,63,0,3586.05,0,0,Yes,None,None
3.5,8,24,1,127.14,0,0,None,Yes,None
2,5,51,1,67.23,0,0,Yes,None,None
0.75,10,67,1,42.61,0,0,Yes,None,None
0.5,10,84,0,41.94,0,0,None,None,None
1.5,5,36,0,35.41,0,0,Yes,None,None
0.09,1,17,0,34.98,0,0,None,None,None
0.14,5,60,0,109.06,0,0,Yes,None,None
1.2,5,47,2,118.14,0,0,None,None,None
1,5,47,2,131.53,0,0,Yes,Yes,None
0.25,4,24,1,78.34,0,0,Yes,None,None
0.6,15,60,0,181.35,0,0,None,None,None
1,5,67,4,555.55,0,0,Yes,None,None
0.29,5,54,1,95.78,0,0,Yes,None,None
0.3,8,27,1,78.72,0,0,Yes,None,None
0.44,5,19,1,130.03,0,0,Yes,Yes,None
0.16,0.05,25,1,98.84,0,0,Yes,None,None
0.16,0.05,47,1,46.93,0,0,Yes,None,None
1,5,27,0,44.96,0,0,Yes,None,None
1.49,10,37,5,106.46,0,0,Yes,None,None
3.95,5,77,0,130.89,0,0,Yes,None,None
1,3,98,1,176.69,0,0,Yes,None,None
1.9,5,108,0,149.38,0,0,None,None,None
4.5,5,78,0,57.53,0,0,None,None,None
3,5,23,0,87.99,0,0,Yes,None,None
3.5,15,39,0,238.8,0,0,None,None,None
3,15,33,0,109.23,0,0,None,None,None
0.2,10,22,0,42.44,0,0,None,None,None
2.1,5,37,0,37.27,0,0,Yes,None,None
0.5,5,36,0,147.34,0,0,Yes,None,None
1.5,8,78,1,150.02,0,0,None,Yes,None
0.75,15,22,0,32.75,0,0,None,None,None
22,5,65,0,90.43,0,0,Yes,None,None
2.49,8,204,4,229.07,0,0,None,Yes,None
1,4,30,0,83.66,0,0,Yes,None,None
2,4,24,0,69.11,0,0,Yes,None,None
2.3,5,164,2,51.45,0,0,Yes,None,None
3.5,8,324,4,169.86,0,0,None,Yes,None
4,5,44,0,71.02,0,0,Yes,None,None
1,4,16,2,67.46,0,0,Yes,None,None
5,5,694,37,74.35,0,0,Yes,None,Yes
0.94,5,34,0,254.89,0,0,Yes,None,None
1.22,5,48,2,36.97,0,0,Yes,None,None
3,5,96,0,544.21,0,0,Yes,None,None
3,15,79,2,94.31,0,0,None,None,None
0.57,5,37,0,192.82,0,0,None,None,None
0.54,5,46,0,184.53,0,0,None,None,None
0.1,5,41,0,95.64,0,0,Yes,None,None
1.2,5,19,0,46.51,0,0,Yes,None,None
0.3,3,74,0,136.65,0,0,Yes,None,None
0.33,0.05,60,0,136.87,0,0,Yes,None,None
0.33,3,33,3,68.68,0,0,Yes,None,None
0.5,5,82,0,39.96,0,0,Yes,None,None
4,3,214,3,53.08,0,0,Yes,None,None
9.39,5,839,42,135.7,0,0,Yes,None,None
1.7,10,11,0,263.46,0,0,None,None,Yes
1.9,5,76,0,69.73,0,0,None,None,None
0.99,15,21,2,104.45,0,0,None,None,None
1.7,8,71,0,230.45,0,0,None,Yes,None
0.91,8,73,3,91.74,0,0,None,Yes,None
20,8,2039,163,3596.4,0,0,Yes,None,None
98,5,23,1,107.83,0,0,None,None,None
32.2,5,92,1,203.75,0,0,Yes,None,None
0.26,3,39,1,115.41,0,0,Yes,None,None
1,15,22,1,63.67,0,0,None,None,None
1,15,22,3,103.93,0,0,None,None,None
0.53,5,40,0,64.42,0,0,None,None,None
0.2,5,24,0,104.01,0,0,Yes,Yes,None
0.2,4,28,0,90.68,0,0,Yes,None,None
0.9,4,26,0,57.47,0,0,Yes,None,None
0.07,5,24,0,100.01,0,0,Yes,None,None
0.07,5,26,0,97.78,0,0,Yes,None,None
0.07,5,27,0,95.35,0,0,Yes,None,None
0.66,5,33,0,109.45,0,0,Yes,Yes,None
0.6,5,57,3,190.22,0,0,Yes,Yes,None
1.5,5,22,0,53.24,0,0,Yes,None,None
0.75,10,19,0,76.56,0,0,None,None,None
2,15,14,0,180.44,0,0,None,None,None
0.07,8,23,0,153.82,0,0,Yes,None,None
2.5,5,75,2,727.31,0,0,Yes,None,None
1,5,29,1,136.28,0,0,Yes,Yes,None
1,5,54,0,1151.92,0,0,Yes,None,None
1,10,63,0,79.74,0,0,None,None,None
1.01,3,80,1,68.62,0,0,Yes,None,None
4.2,5,37,1,77.76,0,0,Yes,None,None
1,5,100,6,125.36,0,0,Yes,None,None
4.6,10,18,1,256.37,0,0,None,None,None
5,4,16,0,108.89,0,0,Yes,None,None
1.5,8,27,0,173.73,0,0,Yes,None,None
0.25,15,42,2,155.36,0,0,None,None,None
1,5,92,1,40.88,0,0,Yes,None,None
0.4,5,35,0,83.65,0,0,Yes,None,None
0.5,5,26,0,135.45,0,0,Yes,None,None
0.14,8,49,0,62.14,0,0,Yes,None,None
0.5,0.05,31,2,165.1,0,0,Yes,None,None
2,15,29,1,98.98,0,0,None,None,None
10,5,13978,37622,240.69,0,0,Yes,None,None
4,4,13,1,70.73,0,0,Yes,None,None
2,8,53,0,203.67,0,0,Yes,None,None
1.85,5,26,1,92.05,0,0,Yes,None,None
1,5,57,3,157.29,0,0,Yes,None,None
1.5,9,124,2,118.21,1,0,Yes,None,None
4,5,83,0,62.93,0,0,None,None,None
1.5,5,157,2,157.85,0,0,Yes,None,None
10,0.05,37,0,101.82,0,0,Yes,None,None
9,3,573,21,156.92,0,0,Yes,None,None
0.5,3,39,0,76.65,0,0,Yes,None,None
0.5,3,,,76.58,0,0,Yes,None,None
0.4,5,35,0,55.68,0,0,Yes,None,None
0.4,3,34,0,77.82,0,0,Yes,None,None
0.5,3,29,0,77.33,0,0,Yes,None,None
1.25,5,,,48.2,0,0,Yes,None,None
0.5,8,16,0,167.28,0,0,Yes,None,None
0.2,8,16,0,200.29,0,0,Yes,None,None
250,5,42,0,96.24,0,0,Yes,None,None
0.2,15,57,0,32,0,0,None,None,None
0.35,10,65,0,51.15,0,0,Yes,None,None
2.5,8,45,1,380.38,0,0,Yes,None,None
0.5,0.05,,,297.8,0,0,Yes,None,None
0.7,10,15,0,218.02,0,0,Yes,None,None
16,5,959,76,187.18,0,0,None,None,None
0.4,10,13,0,188.17,0,0,Yes,None,None
0.3,10,15,1,148.93,0,0,Yes,None,None
0.5,10,12,0,53.96,0,0,Yes,None,None
0.5,10,10,0,95.2,0,0,Yes,None,None
1,10,19,1,586.37,0,0,Yes,None,None
1,10,14,1,93.98,0,0,Yes,None,None
0.3,10,12,1,67.63,0,0,Yes,None,None
1,10,14,1,62.96,0,0,Yes,None,None
2,5,59,0,56.59,0,0,Yes,None,None
2,5,75,0,55.29,0,0,Yes,None,None
12,5,4088,16,127.7,0,0,Yes,Yes,None
1.2,5,23,1,83.31,0,0,Yes,None,None
1.4,10,55,1,43.08,0,0,None,None,None
0.8,10,38,0,78.04,0,0,Yes,None,None
1.5,5,102,0,63.08,0,0,Yes,None,None
3,8,37,0,87.83,0,0,None,Yes,None
0.4,0.05,14,1,143.04,0,0,Yes,None,None
0.07,5,,,103.13,0,0,Yes,Yes,None
0.3,10,48,0,43.96,0,0,None,None,None
238,5,,,141.06,0,0,Yes,None,None
0.6,8,63,1,89.03,0,0,Yes,None,None
0.7,8,72,0,136.04,0,0,Yes,None,None
4.2,15,26,0,147.24,0,0,None,None,None
0.1,5,,,107.66,0,0,Yes,Yes,None
1,5,30,0,96.96,0,0,Yes,None,None
2.98,8,,,118.77,0,0,None,Yes,None
0.25,0.05,21,0,111.94,0,0,Yes,None,None
0.97,3,22,0,74.3,0,0,Yes,None,None
1,5,40,1,50.92,0,0,Yes,None,None
5,8,61,0,106.55,0,0,None,Yes,None
0.2,4,24,0,61.91,0,0,Yes,None,None
0.2,4,22,0,42.34,0,0,Yes,None,None
4,10,22,0,445.83,0,0,None,None,None
1,5,26,0,52,0,0,Yes,None,None
0.2,5,75,0,55.67,0,0,Yes,None,None
1,5,24,1,73.95,0,0,Yes,None,None
1,5,25,0,72.59,0,0,Yes,None,None
6,5,17,0,786.53,0,0,Yes,None,None
3.5,9,271,19,178.65,1,0,Yes,None,None
1.25,9,,,152.74,1,1,Yes,None,None
0.3,5,34,3,199.98,0,0,Yes,None,None
0.5,4,29,0,60.17,0,0,Yes,None,None
0.5,4,14,0,66.17,0,0,Yes,None,None
0.26,10,47,0,44.2,0,0,None,None,None
0.5,10,21,0,42.22,0,0,None,None,None
1,5,27,0,523.35,0,0,Yes,None,None
0.8,0.05,25,2,59.81,0,0,Yes,None,None
0.4,5,46,1,51.56,0,0,Yes,None,None
10,5,97,1,111.33,0,0,None,None,None
3,5,101,1,56.19,0,0,None,None,None
3,5,156,2,91.12,0,0,None,None,None
10,5,568,9,201.28,0,0,Yes,Yes,None
0.5,5,24,0,88.6,0,0,Yes,None,None
1,5,46,1,103.38,0,0,Yes,Yes,None
1,5,52,4,121.96,0,0,Yes,None,None
1.97,10,,,42.58,0,0,Yes,None,None
1.73,10,75,5,46.06,0,0,None,None,None
0.32,5,62,0,74.88,0,0,Yes,None,None
0.45,5,,,81.5,0,0,Yes,None,None
0.3,5,60,0,97.98,0,0,Yes,None,None
0.29,0.05,,,102.58,0,0,Yes,None,None
0.6,8,94,0,111.19,0,0,None,Yes,None
0.4,5,32,1,102.27,0,0,Yes,None,None
1,5,31,1,104.18,0,0,Yes,Yes,None
0.74,8,49,0,103.32,0,0,None,Yes,None
2.5,5,62,3,163.92,0,0,Yes,None,None
1.85,5,37,2,113.01,0,0,Yes,None,None
1.5,8,29,0,92.19,0,0,None,Yes,None
1,15,18,0,217,0,0,None,None,None
0.5,8,29,1,89.65,0,0,Yes,None,None
0.9,5,21,0,159.45,0,0,Yes,Yes,None
0.75,4,45,0,79.36,0,0,Yes,None,None
0.5,10,59,0,418.04,0,0,Yes,None,None
4,5,136,2,75.64,0,0,None,None,None
0.4,10,28,0,192.25,0,0,Yes,None,None
0.4,10,18,0,54.13,0,0,Yes,None,None
0.4,10,27,0,65.92,0,0,Yes,None,None
0.4,10,30,0,230.28,0,0,Yes,None,None
0.4,10,25,0,229.51,0,0,Yes,None,None
0.4,10,19,0,60.02,0,0,Yes,None,None
0.4,10,22,0,62.23,0,0,Yes,None,None
0.4,10,26,0,179.15,0,0,Yes,None,None
0.4,10,21,0,138.8,0,0,Yes,None,None
0.4,15,36,0,149.32,0,0,None,None,None
1.1,3,57,2,64.23,0,0,Yes,None,None
2.5,8,,,100.52,0,0,None,Yes,None
2,5,69,0,77.06,0,0,Yes,None,None
0.06,1,30,0,35.99,0,0,None,None,None
10,4,25,0,74.51,0,0,None,None,None
3,5,18,2,46.14,0,0,None,None,None
20,5,32,2,101.39,0,0,None,None,None
0.1,5,51,2,99.15,0,0,Yes,None,None
4,5,72,0,96.15,0,0,Yes,None,None
3,5,35,1,104.16,0,0,Yes,None,None
2,5,31,0,104.4,0,0,Yes,None,None
0.69,5,36,1,95.74,0,0,Yes,None,None
1,5,25,1,66.75,0,0,Yes,None,None
1,5,21,2,208,0,0,Yes,None,None
0.05,5,45,1,104.45,0,0,Yes,Yes,None
0.05,5,36,2,92.59,0,0,Yes,None,None
1,5,40,2,100.3,0,0,Yes,Yes,None
3.01,0,32,2,74.09,0,0,Yes,None,None
6.9,5,,,168.96,0,0,Yes,None,None
0.5,5,48,1,126.8,0,0,Yes,Yes,None
0.4,5,36,0,149.95,0,0,Yes,Yes,None
0.3,5,17,1,147.33,0,0,Yes,Yes,None
0.28,5,58,4,56.87,0,0,Yes,None,None
1.5,0,82,6,135.47,0,0,Yes,None,Yes
4,8,23,1,98.92,0,0,None,Yes,None
0.5,10,40,0,82.49,0,0,Yes,None,None
0.55,15,53,1,107.95,0,0,None,None,None
5,5,143,5,395.8,0,0,Yes,None,None
2.5,5,14,0,111.93,0,0,None,None,None
2.5,5,14,0,65.1,0,0,Yes,None,None
0.75,8,18,1,237.75,0,0,Yes,None,None
0.8,8,22,0,289.15,0,0,Yes,None,None
0.07,1,13,0,33.79,0,0,None,None,None
0.07,1,15,0,31.64,0,0,None,None,None
6.5,5,95,5,132.89,0,0,Yes,None,None
0.5,5,,,113.69,0,0,None,None,None
0.5,5,24,0,61.04,0,0,Yes,None,None
18,5,93,0,106.47,0,0,Yes,None,None
1,0.05,,,197.98,0,0,Yes,None,None
2,10,17,0,78.86,0,0,Yes,None,None
1.01,15,20,0,34.86,0,0,None,None,None
1.1,15,28,0,66.6,0,0,None,None,None
0.28,5,68,1,42.2,0,0,Yes,None,None
0.28,5,74,0,62.03,0,0,Yes,None,None
0.3,5,54,0,78.66,0,0,Yes,None,None
1,5,30,1,53.97,0,0,Yes,None,None
0.5,8,33,0,196.02,0,0,Yes,None,None
0.3,5,81,0,65.08,0,0,Yes,None,None
0.25,3,31,1,115.26,0,0,Yes,None,None
0.25,5,19,2,136.49,0,0,Yes,Yes,None
0.25,5,14,0,149.34,0,0,Yes,Yes,None
0.25,5,31,1,104.22,0,0,Yes,Yes,None
4,5,357,13,287.76,0,0,Yes,None,None
5,5,555,21,36.65,0,0,Yes,None,None
0.13,5,39,0,133.26,0,0,Yes,Yes,None
0.5,0.05,,,90.56,0,0,Yes,None,None
0.5,5,20,0,148.55,0,0,Yes,Yes,None
0.1,5,31,0,95.84,0,0,Yes,None,None
0.7,0.05,13,0,74.97,0,0,Yes,None,None
7,5,,,39.05,0,0,None,None,None
0.11,10,21,0,98.23,0,0,Yes,None,None
1.7,15,53,4,113.94,0,0,None,None,None
0.2,5,23,0,109.84,0,0,Yes,Yes,None
0.65,5,42,2,109.84,0,0,Yes,Yes,None
0.05,5,19,1,96.68,0,0,Yes,None,None
1.2,5,85,3,90.9,0,0,None,None,None
5,10,204,0,69.86,0,0,None,None,None
0.59,10,84,2,111.05,0,0,None,None,None
0.25,15,21,0,110.49,0,0,None,None,None
0.75,5,42,0,91.04,0,0,Yes,None,None
0.4,0.05,,,96.33,0,0,Yes,None,None
0.7,5,42,0,90.63,0,0,Yes,None,None
0.13,10,,,42.09,0,0,Yes,None,None
5,5,86,1,92.57,0,0,Yes,None,None
0.44,5,41,0,74.23,0,0,Yes,None,None
2,5,3714,3,132.49,0,0,Yes,Yes,None
0.35,5,,,134.49,0,0,Yes,Yes,None
0.5,5,56,0,73.47,0,0,Yes,None,None
1.5,0.05,67,2,173.87,0,0,Yes,None,None
0.8,0.05,38,0,123.1,0,0,Yes,None,None
0.5,5,24,0,75.28,0,0,Yes,None,None
0.1,5,59,2,104.51,0,0,Yes,None,None
1,8,31,0,324.06,0,0,Yes,None,None
0.39,5,26,0,163.4,0,0,Yes,None,None
0.95,5,50,0,119.57,0,0,Yes,None,None
0.07,1,13,0,32.82,0,0,None,None,None
1,5,22,0,71.1,0,0,Yes,None,None
1,15,53,0,332.93,0,0,None,None,None
0.14,5,33,0,115.56,0,0,Yes,Yes,None
0.07,5,15,0,112.33,0,0,Yes,Yes,None
1,5,25,0,133.24,0,0,Yes,None,None
0.08,5,,,119.82,0,0,Yes,Yes,None
0.15,5,80,0,138.81,0,0,Yes,None,None
0.1,5,67,0,124.09,0,0,Yes,Yes,None
3,5,196,3,52.12,0,0,Yes,None,Yes
0.6,15,36,0,173.12,0,0,None,None,None
0.9,15,35,0,241.75,0,0,None,None,None
1.2,5,27,0,56.24,0,0,Yes,None,Yes
3.95,5,96,2,88.39,0,0,None,None,None
3.75,5,71,0,67.21,0,0,None,None,None
1,15,77,0,240.41,0,0,None,None,None
0.29,4,42,2,57.22,0,0,Yes,None,None
1,0.05,27,2,158.68,0,0,Yes,None,None
1,9,42,0,162.36,1,1,Yes,None,None
0.5,9,34,0,343.99,1,0,Yes,None,None
0.05,5,31,0,118.14,0,0,Yes,Yes,None
0.5,5,2214,0,112.79,0,0,Yes,None,None
0.05,0.05,,,160.67,0,0,Yes,None,None
3.65,5,,,71.18,0,0,None,None,None
1,5,70,2,54.36,0,0,Yes,None,Yes
0.2,8,23,1,237.26,0,0,Yes,None,None
0.21,4,28,2,69.19,0,0,Yes,None,None
1,5,81,0,106.73,0,0,Yes,None,None
2,8,74,0,6783.12,0,0,Yes,None,None
0.29,4,32,0,79.65,0,0,Yes,None,None
0.4,5,,,75.15,0,0,Yes,None,None
0.4,5,66,0,51.72,0,0,Yes,None,Yes
3,5,40,0,142.44,0,0,Yes,Yes,None
0.4,5,27,0,100.38,0,0,Yes,None,None
0.31,10,21,0,525.43,0,0,Yes,None,None
0.37,5,47,4,122.23,0,0,Yes,Yes,None
0.33,5,37,2,106.92,0,0,Yes,Yes,None
1.1,8,37,0,420.09,0,0,Yes,None,None
2.5,8,32,1,226.22,0,0,None,Yes,None
0.3,5,21,0,101.71,0,0,Yes,Yes,None
1.5,8,,,122.4,0,0,None,Yes,None
0.39,4,21,2,84.34,0,0,Yes,None,None
0.39,4,28,0,83.42,0,0,Yes,None,None
0.31,8,16,0,79.64,0,0,Yes,None,None
2.5,10,55,1,42.61,0,0,None,None,None
1.5,5,35,1,149.2,0,0,None,None,None
1,15,14,1,80.02,0,0,None,None,None
0.21,3,47,0,43.92,0,0,Yes,None,None
8,5,177,2,121.5,0,0,Yes,None,Yes
0.7,5,107,0,74.75,0,0,Yes,None,None
0.8,5,80,0,75.85,0,0,Yes,None,None
0.08,1,25,0,32.15,0,0,None,None,None
0.67,9,,,100.81,1,1,Yes,None,None
0.08,1,16,0,35.11,0,0,None,None,None
0.08,1,13,0,31.64,0,0,None,None,None
0.08,1,20,0,33.08,0,0,None,None,None
0.08,1,13,0,34.07,0,0,None,None,None
1,4,23,0,50.29,0,0,Yes,None,None
0.3,3,48,1,39.95,0,0,Yes,None,None
1,5,85,3,59.61,0,0,Yes,None,None
0.21,15,49,0,46.92,0,0,None,None,None
0.17,15,40,0,75.15,0,0,None,None,None
0.1,8,27,0,247.27,0,0,Yes,None,None
2,10,,,43.59,0,0,None,None,None
0.5,5,51,0,118.3,0,0,Yes,Yes,None
0.5,5,51,0,83.3,0,0,Yes,None,None
0.4,0.05,,,70.15,0,0,Yes,None,None
0.22,0.05,,,64.33,0,0,Yes,None,None
0.4,0.05,,,111.91,0,0,Yes,None,None
0.4,0.05,,,66.07,0,0,Yes,None,None
0.9,5,,,76.52,0,0,Yes,None,None
0.99,5,84,2,136.39,0,0,Yes,None,None
0.65,5,,,159.46,0,0,None,None,None
4.4,3,,,131.1,0,0,Yes,None,None
2.7,3,,,70.97,0,0,Yes,None,None
1,5,83,0,53.4,0,0,Yes,None,None
0.09,5,51,0,120.08,0,0,Yes,Yes,None
1.5,5,86,0,229.67,0,0,Yes,None,None
1.9,5,87,4,73.51,0,0,Yes,None,None
1.45,5,99,0,92.46,0,0,Yes,None,None
0.5,4,9,0,89.3,0,0,Yes,None,None
1,4,14,0,105.31,0,0,Yes,None,None
2,4,11,0,75.42,0,0,Yes,None,None
2,4,10,0,49.74,0,0,Yes,None,None
0.75,5,86,0,77.02,0,0,None,None,None
0.8,15,24,0,33.3,0,0,None,None,None
0.8,15,17,0,45.2,0,0,None,None,None
0.8,15,21,0,151.01,0,0,None,None,None
0.9,5,29,0,92.36,0,0,None,None,None
1.5,8,75,0,3403.95,0,0,Yes,None,None
4.44,5,2641,0,146.37,0,0,Yes,Yes,None
2,8,59,1,2922.27,0,0,Yes,None,None
0.38,4,20,2,82.84,0,0,Yes,None,None
1.99,5,52,3,51.12,0,0,Yes,None,Yes
5,5,206,0,37.41,0,0,Yes,None,None
0.1,1,13,1,35.61,0,0,None,None,None
0.99,5,50,7,94.97,0,0,Yes,None,None
10,5,2317,32,121.83,0,0,Yes,Yes,None
0.3,15,11,0,41.28,0,0,None,None,None
0.3,15,15,0,119.82,0,0,None,None,None
0.2,5,21,1,265.83,0,0,Yes,None,None
0.5,5,32,0,100.93,0,0,Yes,None,None
0.36,4,,,89.65,0,0,Yes,None,None
0.5,5,35,0,40.98,0,0,Yes,None,None
1,19,0,,36.26,0,0,None,None,None
2,3,30,0,51.73,0,0,Yes,None,None
3.33,8,122,1,6836.26,0,0,Yes,None,None
3.33,8,126,3,6819.67,0,0,Yes,None,None
1,8,27,0,119.59,0,0,Yes,None,None
1.69,5,30,2,69.91,0,0,Yes,None,None
1.2,5,41,3,607.02,0,0,Yes,None,None
0.5,5,31,2,41.96,0,0,Yes,None,None
1.5,5,21,0,107.4,0,0,Yes,None,None
1.37,5,95,0,107.5,0,0,Yes,None,None
0.3,5,30,2,46.97,0,0,Yes,None,None
0.7,5,24,0,65.84,0,0,Yes,None,Yes
0.5,5,43,0,56.22,0,0,Yes,None,None
0.24,5,45,0,47.43,0,0,Yes,None,None
1,10,,,44.97,0,0,None,None,None
0.8,5,42,1,108.89,0,0,Yes,Yes,None
1,5,38,0,35.63,0,0,Yes,None,None
0.99,5,44,1,88.95,0,0,Yes,None,None
1003,5,2378,875,151.21,0,0,Yes,Yes,None
1,8,74,0,577.07,0,0,Yes,None,None
0.5,8,48,0,163.96,0,0,Yes,None,None
0.5,5,26,0,144.66,0,0,Yes,Yes,None
0.5,10,94,0,43.14,0,0,Yes,None,None
11,15,247,2,112.09,0,0,Yes,None,Yes
0.8,5,81,2,61.73,0,0,Yes,None,None
1.9,5,101,2,124.04,0,0,Yes,None,None
0.5,4,,,105.38,0,0,Yes,None,None
0.89,5,54,2,102.48,0,0,Yes,None,None
1.19,5,44,2,136.67,0,0,Yes,None,None
1.3,5,46,1,76.23,0,0,None,None,None
0.8,5,170,4,193.63,0,0,Yes,Yes,None
0.3,8,32,1,287.58,0,0,Yes,None,None
0.17,10,18,2,119.37,0,0,Yes,None,None
1,10,,,386.79,0,0,None,None,Yes
0.6,15,19,0,34.56,0,0,None,None,None
2,5,95,1,93.27,0,0,Yes,None,None
0.6,15,20,0,126.26,0,0,None,None,None
0.1,8,18,0,79.86,0,0,Yes,None,None
0.6,15,24,0,81.61,0,0,None,None,None
3.5,5,73,0,76.12,0,0,Yes,None,None
2,5,53,0,75.28,0,0,Yes,None,None
1.5,10,43,0,477.36,0,0,None,None,None
0.15,5,30,2,96.44,0,0,Yes,None,None
0.42,5,41,0,42.4,0,0,Yes,None,None
0.42,5,27,0,65.08,0,0,Yes,None,None
0.4,5,18,0,38.89,0,0,Yes,None,None
0.42,5,25,1,58,0,0,Yes,None,None
0.2,4,11,0,51.01,0,0,Yes,None,None
2,5,81,0,191.11,0,0,Yes,None,None
5,5,182,2,67.4,0,0,Yes,None,None
1,0.05,60,0,88.57,0,0,Yes,None,None
1.2,0.05,39,0,174.27,0,0,Yes,None,None
0.3,0.05,19,0,137.26,0,0,Yes,None,None
1.3,0.05,40,0,45.25,0,0,Yes,None,None
4,5,153,8,101.69,0,0,Yes,None,None
3,0.05,108,0,112.05,0,0,Yes,None,None
2.5,15,20,0,160.01,0,0,None,None,None
0.5,15,10,0,93.81,0,0,None,None,None
0.2,15,9,0,102.79,0,0,None,None,None
0.4,15,12,0,49.42,0,0,None,None,None
1.3,9,186,0,83.37,1,0,Yes,None,None
2,15,59,0,71.34,0,0,None,None,None
1.98,8,76,0,518.84,0,0,Yes,None,None
0.2,15,18,0,160,0,0,None,None,None
0.04,5,12,0,102.35,0,0,Yes,Yes,None
4.2,5,153,4,83.08,0,0,Yes,None,None
1.5,6,61,0,84.73,0,0,Yes,None,None
1.9,6,63,0,227.55,0,0,Yes,None,None
0.25,1,14,0,37.16,0,0,None,None,None
0.04,5,22,0,98.62,0,0,Yes,None,None
1,10,10,0,67.25,0,0,Yes,None,None
1,10,11,0,156.75,0,0,Yes,None,None
1,10,14,0,84.25,0,0,Yes,None,None
1,10,10,0,66.48,0,0,Yes,None,None
1,10,10,0,66.27,0,0,Yes,None,None
1,10,11,0,113.2,0,0,Yes,None,None
1,10,8,0,72.57,0,0,Yes,None,None
1,10,12,0,112.42,0,0,Yes,None,None
0.99,4,57,0,57.3,0,0,Yes,None,None
2,5,49,0,61,0,0,Yes,None,Yes
2,5,56,0,58.85,0,0,Yes,None,Yes
1,5,43,0,116.75,0,0,Yes,None,None
0.05,10,20,0,53.7,0,0,None,None,None
1.11,5,59,2,142.61,0,0,Yes,None,None
1.5,5,,,136.3,0,0,Yes,None,None
0.32,4,10,1,56.02,0,0,Yes,None,None
0.38,4,13,1,79.14,0,0,Yes,None,None
0.42,4,15,2,82.36,0,0,Yes,None,None
0.31,4,18,1,59.92,0,0,Yes,None,None
0.37,4,11,1,61.62,0,0,Yes,None,None
0.34,4,26,2,68.02,0,0,Yes,None,None
0.34,4,15,2,73.06,0,0,Yes,None,None
0.39,4,12,2,77.83,0,0,Yes,None,None
0.2,10,22,0,19414.12,0,0,None,None,None
1,8,81,1,89.42,0,0,None,Yes,None
3.33,4,554,1,55.61,0,0,Yes,None,None
1.3,5,72,0,43.03,0,0,Yes,None,None
1,5,80,0,52.62,0,0,Yes,None,Yes
0.2,0.05,,,57.94,0,0,Yes,None,None
0.3,5,27,1,96.25,0,0,Yes,None,None
2,8,,,205.07,0,0,Yes,None,None
0.36,3,58,0,45.87,0,0,Yes,None,None
1.95,5,79,0,78.54,0,0,Yes,None,None
0.25,5,74,0,94.14,0,0,Yes,None,None
0.11,3,58,2,45.42,0,0,Yes,None,None
0.8,1,75,0,195.74,0,0,None,None,None
5,5,265,0,42.67,1,1,Yes,None,None
0.11,3,52,2,34.49,0,0,Yes,None,None
1.5,5,63,0,59.61,0,0,Yes,None,None
1.8,5,79,1,56.81,0,0,Yes,None,Yes
1.23,10,63,0,135.82,0,0,None,None,None
1.55,5,93,1,83.98,0,0,Yes,None,None
0.06,10,21,0,43.52,0,0,None,None,None
0.04,5,41,3,112.83,0,0,Yes,Yes,None
0.25,3,25,2,51.91,0,0,Yes,None,None
0.13,5,12,1,101.77,0,0,Yes,Yes,None
0.7,5,44,2,98.82,0,0,Yes,None,None
0.1,10,22,2,87.2,0,0,Yes,None,None
0.15,3,29,1,61.66,0,0,Yes,None,None
0.5,5,16,1,100.52,0,0,Yes,Yes,None
0.39,15,25,0,120.69,0,0,None,None,None
0.05,1,25,0,30.93,0,0,None,None,None
0.05,1,26,1,33.43,0,0,None,None,None
1,5,36,0,44.75,0,0,Yes,None,None
0.5,5,32,2,57.41,0,0,Yes,None,None
1,8,58,0,278.43,0,0,Yes,None,None
0.3,8,27,0,261.32,0,0,Yes,None,None
1.2,5,40,0,48.87,0,0,Yes,None,Yes
1,5,48,0,95.74,0,0,Yes,None,None
1,5,40,0,48.86,0,0,Yes,None,Yes
0.2,3,52,2,83.28,0,0,Yes,None,None
0.5,5,40,3,50.62,0,0,Yes,None,None
0.5,12,33,0,140.41,0,0,None,None,None
0.05,1,13,1,35.2,0,0,None,None,None
0.14,3,17,1,49.02,0,0,Yes,None,None
0.77,1,66,1,37,0,0,None,None,None
0.2,12,32,5,127.98,0,0,None,None,None
0.4,5,32,0,113.89,0,0,Yes,Yes,None
0.5,15,65,0,207.26,0,0,None,None,None
3.2,5,,,267.81,0,0,Yes,None,None
4,5,,,212.29,0,0,Yes,None,None
2.5,5,,,57.05,0,0,Yes,None,None
10,8,,,153.56,0,0,None,Yes,None
0.25,0.05,19,0,107.41,0,0,Yes,None,None
0.48,15,20,0,113.95,0,0,None,None,None
1.5,15,35,0,62.5,0,0,None,None,None
0.9,5,57,3,75.27,0,0,Yes,None,None
0.34,0.05,,,196.17,0,0,Yes,None,None
0.17,10,27,0,110.01,0,0,Yes,None,None
4,5,134,0,61.91,0,0,Yes,None,Yes
1.2,5,37,2,504.51,0,0,Yes,None,None
0.09,5,27,0,49.75,0,0,Yes,None,None
0.4,5,43,2,60.26,0,0,Yes,None,Yes
0.15,15,43,0,74.71,0,0,None,None,None
0.08,10,43,1,56.62,0,0,Yes,None,None
1,4,,,82.62,0,0,Yes,None,None
0.4,5,15,0,69.09,0,0,Yes,None,None
2.9,0,48,2,104.16,0,0,Yes,None,Yes
6.9,0,66,1,6.49,0,0,None,None,None
6.9,5,51,0,224.07,0,0,None,None,None
0.1,10,24,0,101.28,0,0,Yes,None,None
0.69,5,31,2,230.97,0,0,Yes,None,None
0.1,1,10,0,36.07,0,0,None,None,None
0.09,1,9,0,31.12,0,0,None,None,None
2,5,91,3,318.91,0,0,Yes,None,None
0.5,5,,,53.12,0,0,Yes,None,None
1.4,15,46,3,296.52,0,0,None,None,None
0.8,15,16,0,186.55,0,0,None,None,None
0.2,10,15,0,77.81,0,0,Yes,None,None
0.2,10,8,0,68.72,0,0,Yes,None,None
0.4,0.05,11,0,85.83,0,0,Yes,None,None
0.3,0.05,11,1,73.8,0,0,Yes,None,None
0.2,4,20,0,85.22,0,0,Yes,None,None
0.16,4,23,0,74.88,0,0,Yes,None,None
0.2,4,25,0,79.39,0,0,Yes,None,None
0.33,5,43,0,92.65,0,0,Yes,None,None
1.2,5,189,0,103.79,0,0,Yes,None,None
0.32,8,28,0,177.16,0,0,Yes,None,None
1,5,66,0,107.54,0,0,Yes,None,None
0.9,5,69,0,86.89,0,0,None,None,None
0.9,5,,,86.43,0,0,Yes,None,None
0.8,5,29,1,65.84,0,0,Yes,None,None
0.5,8,,,399.73,0,0,Yes,None,None
8.99,8,6864,2196,7165.14,0,0,Yes,None,None
0.08,5,20,0,94.93,0,0,Yes,None,None
5,5,,,58.73,0,0,Yes,None,None
3,4,8,0,51.36,0,0,Yes,None,None
0.15,15,56,2,51.4,0,0,None,None,None
0.28,15,17,0,288.87,0,0,None,None,None
45,5,,,257.92,0,0,Yes,None,None
4.6,0.05,164,4,839.03,0,0,Yes,None,None
1,15,11,1,252.73,0,0,None,None,None
0.25,5,81,3,133.85,0,0,Yes,Yes,None
1.5,5,,,45.43,0,0,Yes,None,None
0.39,5,26,0,99.77,0,0,Yes,None,None
0.25,15,36,0,66.79,0,0,None,None,None
0.25,15,28,0,117.9,0,0,None,None,None
1,5,16,0,102.64,0,0,Yes,Yes,None
0.5,10,39,5,42.06,0,0,None,None,None
1,5,61,1,45.6,0,0,Yes,None,None
2.69,5,177,4,62.58,0,0,Yes,None,None
1.31,5,82,1,60.19,0,0,Yes,None,None
0.99,5,64,0,53.07,0,0,Yes,None,None
0.69,5,47,1,52.9,0,0,Yes,None,None
1.31,5,71,0,59.6,0,0,Yes,None,None
101,5,98,1,130.76,0,0,Yes,None,None
0.4,5,,,217.06,0,0,Yes,None,None
1.4,4,11,1,84.57,0,0,Yes,None,None
1.2,4,9,1,63.48,0,0,Yes,None,None
1.4,4,11,1,88.59,0,0,Yes,None,None
1.2,4,11,1,67.03,0,0,Yes,None,None
0.45,5,53,2,129.63,0,0,Yes,Yes,None
1.2,4,15,1,53.11,0,0,Yes,None,None
0.96,0,30,2,177.8,0,0,Yes,None,None
0.75,0,44,2,102.49,0,0,Yes,None,None
0.7,5,51,0,224.97,0,0,Yes,None,None
0.4,5,31,0,66.91,0,0,None,None,Yes
13,5,,,138.83,0,0,Yes,None,None
0.45,5,21,1,113.33,0,0,Yes,Yes,None
1.31,5,40,0,41.79,0,0,Yes,None,None
3,4,11,0,68.64,0,0,Yes,None,None
1.5,5,79,3,131.95,0,0,Yes,Yes,None
0.5,5,21,0,58.63,0,0,Yes,None,None
0.2,5,13,0,94.59,0,0,Yes,None,None
0.12,5,16,0,98.15,0,0,Yes,None,None
4.5,5,97,3,1425.34,0,0,Yes,None,None
5,10,125,5,80.97,0,0,None,None,None
0.06,5,9,0,122.52,0,0,Yes,None,None
0.04,5,11,0,123.19,0,0,Yes,Yes,None
0.2,5,29,2,178.93,0,0,Yes,None,None
0.1,5,23,1,75.47,0,0,Yes,None,None
0.09,8,17,0,117.63,0,0,Yes,None,None
0.09,5,13,0,104.91,0,0,Yes,None,None
0.09,5,21,0,95.58,0,0,Yes,None,None
1,8,53,1,100.1,0,0,None,Yes,None
1,10,80,0,243.67,0,0,None,None,None
0.18,10,8,0,94.52,0,0,Yes,None,None
4.95,5.5,111,1,3.56,0,0,None,None,None
0.5,0.05,11,1,101.08,0,0,Yes,None,None
0.5,8,13,0,370.93,0,0,Yes,None,None
3.45,5.5,92,1,3.56,0,0,None,None,None
0.3,1,15,0,229.62,0,0,Yes,None,None
12,5,212,1,163.64,0,0,Yes,None,None
4.9,5,171,1,222.25,0,0,Yes,None,None
0.85,8,46,0,416.29,0,0,Yes,None,None
12.3,5,202,1,158.11,0,0,Yes,None,None
2,5,48,0,70.94,0,0,Yes,None,None
11.5,5,171,3,150.51,0,0,Yes,Yes,None
0.15,5,39,0,119.25,0,0,Yes,Yes,None
0.1,5,28,0,110.19,0,0,Yes,None,None
0.15,3,30,0,50.32,0,0,Yes,None,None
0.75,3,64,1,44.58,0,0,Yes,None,None
2.5,3,97,2,78.66,0,0,Yes,None,None
2.6,5,90,4,85.23,0,0,Yes,None,Yes
18,5,76,3,62.12,0,0,Yes,None,Yes
0.14,5,28,0,97.05,0,0,Yes,None,None
1.5,5,93,0,100.98,0,0,Yes,None,None
1,15,42,2,236.66,0,0,None,None,None
0.6,15,50,0,170.29,0,0,None,None,None
1.4,4,62,1,141.39,0,0,Yes,None,None
0.7,5,12,0,130.23,0,0,Yes,Yes,None
2.5,0,59,2,66.08,0,0,None,None,None
2,8,134,3,132.95,0,0,None,Yes,None
3,0,45,2,180.81,0,0,Yes,None,Yes
0.9,15,20,0,319.71,0,0,None,None,None
0.49,15,21,0,76.49,0,0,None,None,None
5,3,507,0,65.58,0,0,Yes,None,None
0.49,15,23,0,82.91,0,0,None,None,None
0.3,8,17,0,398.78,0,0,Yes,None,None
1,10,33,0,80.39,0,0,Yes,None,None
0.15,3,21,0,48.18,0,0,Yes,None,None
0.3,0.05,30,0,146.88,0,0,Yes,None,None
0.5,8,13,0,122.56,0,0,Yes,None,None
1.7,8,76,6,203.21,0,0,Yes,None,None
1.5,5,54,0,42.45,0,0,Yes,None,None
2,5,140,0,74.85,0,0,Yes,None,None
3,4,18,0,112.05,0,0,Yes,None,None
1,4,61,0,63.97,0,0,Yes,None,None
0.5,4,13,0,67.84,0,0,Yes,None,None
8.6,5,196,0,60.77,0,0,Yes,None,Yes
1,0,21,0,97.8,0,0,None,None,None
1.6,5,55,0,89.45,0,0,Yes,None,Yes
1,4,9,0,60.43,0,0,Yes,None,None
10.9,5,76,0,82.2,0,0,Yes,None,Yes
15.22,5,173,2,51.64,0,0,None,None,None
2.5,5,56,1,51.34,0,0,Yes,None,None
1.7,5,57,0,65.71,0,0,Yes,None,Yes
4,4,9,0,72.62,0,0,Yes,None,None
3.69,4,32,0,76.26,0,0,Yes,None,None
0.21,4,16,1,47.13,0,0,Yes,None,None
4,5,119,0,77.58,0,0,Yes,None,Yes
0.2,4,16,0,65.69,0,0,Yes,None,None
2,4,17,2,179.07,0,0,Yes,None,None
1,5,34,1,40.88,0,0,Yes,None,None
0.66,4,9,0,73.9,0,0,Yes,None,None
2,4,9,0,60.89,0,0,Yes,None,None
1,4,35,0,78.46,0,0,Yes,None,None
6.9,4,8,0,136.31,0,0,Yes,None,None
6.66,4,27,0,52.17,0,0,Yes,None,None
0.09,5,28,0,112.89,0,0,Yes,None,None
3,4,14,1,98.13,0,0,None,None,None
0.69,0,60,2,23.43,0,0,None,None,None
0.5,15,9,0,155.12,0,0,None,None,None
1,15,11,0,94.34,0,0,None,None,None
2.1,5,73,5,265.96,0,0,Yes,None,None
4.79,5,432,3,43.59,0,0,Yes,None,None
0.1,1,15,0,36.09,0,0,None,None,None
1,5,15,0,105.69,0,0,Yes,Yes,None
3,4.9,135,0,178.57,0,0,Yes,None,None
0.37,5,62,0,161.88,0,0,Yes,None,None
0.39,5,37,0,149.65,0,0,Yes,None,None
0.15,0.05,21,0,46.21,0,0,Yes,None,None
3,10,1058,1,56.16,0,0,Yes,None,None
0.15,0.11,14,0,46.09,0,0,Yes,None,None
1,15,16,0,163.36,0,0,None,None,None
0.39,5,30,1,135.32,0,0,Yes,None,None
0.15,0.05,21,0,81.1,0,0,Yes,None,None
0.15,0.05,26,0,76.98,0,0,Yes,None,None
0.15,0.05,23,0,61.96,0,0,Yes,None,None
0.15,0.05,28,0,52.5,0,0,Yes,None,None
2,5,44,0,96.78,0,0,Yes,None,None
0.1,15,35,0,31.94,0,0,None,None,None
0.2,15,21,0,51.28,0,0,None,None,None
0.4,5,41,0,69.8,0,0,Yes,None,None
0.14,10,44,0,114.46,0,0,Yes,None,None
0.1,5,21,0,109.01,0,0,Yes,Yes,None
1,5,51,0,146.45,0,0,Yes,Yes,None
1.1,5,32,0,56.27,0,0,Yes,None,None
11.25,5,33,1,154.12,0,0,Yes,None,None
4.25,5,46,0,99.53,0,0,Yes,None,None
0.24,5,24,0,102.86,0,0,None,None,None
3.65,5,43,0,92.32,0,0,Yes,None,None
1.9,5,91,2,77.11,0,0,Yes,None,None
0.05,5,8,0,105.39,0,0,Yes,Yes,None
1.9,10,83,2,759.82,0,0,Yes,None,None
2.9,15,156,4,240.81,0,0,None,None,None
10,5,1146,3,72.98,0,0,Yes,None,None
9,8,876,2,142.49,0,0,Yes,None,None
10,8,1367,14,354.89,0,0,Yes,None,None
12,15,11,0,269.01,0,0,None,None,None
0.4,8,240,3,63,0,0,Yes,None,None
2.43,8,94,1,3529.63,0,0,Yes,None,None
0.3,5,32,1,95.03,0,0,Yes,None,None
0.7,4,14,0,70.92,0,0,Yes,None,None
0.08,5,18,0,107.36,0,0,Yes,Yes,None
3,0,9,1,46.12,0,0,None,None,None
1,15,58,0,115.73,0,0,None,None,None
4,0,13,1,65.2,0,0,None,None,None
7,0,11,7,89.48,0,0,None,None,None
0.5,4,16,0,92.72,0,0,Yes,None,None
1.2,8,245,4,345.28,0,0,Yes,None,None
0.44,5,43,0,32.88,0,0,Yes,None,None
0.19,5,76,0,59.46,0,0,None,None,None
0.1,15,44,1,46.45,0,0,None,None,None
1.4,8,60,2,334.28,0,0,Yes,None,None
2,5,97,3,42.25,0,0,None,None,None
0.1,15,5,0,49.3,0,0,None,None,None
0.14,8,12,0,256.01,0,0,Yes,None,None
0.3,5,39,1,114.05,0,0,Yes,Yes,None
2,4.9,61,1,244.75,0,0,Yes,None,None
1.5,4.9,82,1,185,0,0,Yes,None,None
1,4.9,76,1,152.83,0,0,Yes,None,None
0.1,1,10,0,33.34,0,0,None,None,None
0.15,5,50,0,132.83,0,0,Yes,Yes,None
0.3,4.9,60,1,143.6,0,0,Yes,None,None
3,1,16,0,31.85,0,0,None,None,None
0.2,1,9,0,32.97,0,0,None,None,None
1.12,4.9,251,2,138.76,0,0,Yes,None,None
0.1,1,9,0,34.2,0,0,None,None,None
0.4,8,25,1,49.44,0,0,Yes,None,None
1.25,5,52,1,90.67,0,0,Yes,None,None
0.25,4.9,0,0,91.91,0,0,Yes,None,None
0.25,10,77,0,42.6,0,0,None,None,None
0.5,1,15,0,32.58,0,0,None,None,None
2,5,22,0,43.06,0,0,Yes,None,None
1,1,8,0,32.64,0,0,None,None,None
2,1,10,0,33.91,0,0,None,None,None
0.5,5,49,0,74.71,0,0,Yes,None,Yes
0.5,1,16,0,35.48,0,0,None,None,None
1,1,10,0,32.58,0,0,None,None,None
2,1,34,0,32.08,0,0,None,None,None
0.5,1,41,0,32.75,0,0,None,None,None
0.5,1,42,0,32.53,0,0,None,None,None
0.21,5,28,0,439.55,0,0,Yes,None,None
4,5,14,0,72.63,0,0,Yes,None,None
5,5,42,0,100.29,0,0,Yes,None,None
0.69,3,31,1,70.56,0,0,Yes,None,None
0.69,3,34,0,70.57,0,0,Yes,None,None
0.4,5,17,0,189.25,0,0,Yes,Yes,None
0.1,5,26,4,124.41,0,0,Yes,None,None
0.4,5,42,0,193.33,0,0,Yes,Yes,None
30,5,325,9,2792.13,0,0,Yes,None,None
0.5,5,52,1,64.13,0,0,Yes,None,None
0.5,5,32,0,37.16,0,0,Yes,None,None
0.5,5,44,0,54.71,0,0,Yes,None,None
0.5,5,32,0,42.52,0,0,Yes,None,None
0.5,5,16,0,36.77,0,0,Yes,None,None
3,5,154,4,180.49,0,0,Yes,None,None
0.08,8,18,0,159.41,0,0,Yes,None,None
0.5,5,42,0,62.94,0,0,Yes,None,None
0.9,5,14,1,89.33,0,0,Yes,None,None
0.5,5,24,0,53.91,0,0,Yes,None,None
0.5,5,61,0,67.05,0,0,Yes,None,None
0.5,5,69,2,97.7,0,0,Yes,None,None
0.5,5,41,1,41.2,0,0,Yes,None,None
0.75,4,86,2,105.44,0,0,Yes,None,None
0.5,4,45,0,67.97,0,0,Yes,None,None
0.5,5,37,0,42.21,0,0,Yes,None,None
0.05,5,14,1,99.41,0,0,Yes,None,None
0.5,5,63,0,63.73,0,0,Yes,None,None
0.5,5,54,0,59.81,0,0,Yes,None,None
0.5,5,52,0,55.72,0,0,Yes,None,None
0.5,5,41,0,43.66,0,0,Yes,None,None
0.5,5,57,0,56.4,0,0,Yes,None,None
0.5,5,44,0,44.04,0,0,Yes,None,None
0.5,5,71,0,66.07,0,0,Yes,None,None
0.5,5,67,0,68.98,0,0,Yes,None,None
0.5,5,62,0,62.8,0,0,Yes,None,None
15,15,208,3,126.48,0,0,Yes,None,Yes
0.5,5,52,0,51.05,0,0,Yes,None,None
0.5,5,54,0,54.52,0,0,Yes,None,None
0.5,5,38,0,40.06,0,0,Yes,None,None
0.5,5,61,0,50.17,0,0,Yes,None,None
0.5,5,62,0,52.75,0,0,Yes,None,None
0.5,5,50,0,48.41,0,0,Yes,None,None
0.5,5,48,0,48.97,0,0,Yes,None,None
5,5,291,0,92.49,0,0,Yes,None,None
0.5,5,51,0,55.47,0,0,Yes,None,None
3,5,132,0,48.31,0,0,Yes,None,None
1,5,290,1,244.3,0,0,Yes,None,None
1,10,132,1,59.09,0,0,Yes,None,None
0.5,5,42,0,51.7,0,0,Yes,None,None
8,5,981,2,242.04,0,0,Yes,None,None
0.5,5,26,0,95.75,0,0,Yes,None,None
0.5,5,21,0,54.79,0,0,Yes,None,None
1.5,8,86,1,183.78,0,0,None,Yes,None
0.8,5,35,0,77.66,0,0,Yes,None,None
0.9,5,40,0,99.84,0,0,Yes,None,None
1.29,5,96,1,97.47,0,0,Yes,None,None
1.2,5,73,1,135.01,0,0,None,None,None
3,8,144,2,6896.42,0,0,Yes,None,None
2,9,90,3,137.52,1,0,Yes,None,None
0.5,5,55,0,63.1,0,0,Yes,None,None
0.5,5,46,0,47.29,0,0,Yes,None,None
0.99,5,61,3,186.13,0,0,Yes,Yes,None
0.5,5,42,0,40.25,0,0,Yes,None,None
3,5,58,3,112.97,0,0,Yes,None,None
0.5,5,40,0,39.94,0,0,Yes,None,None
0.5,5,40,0,39.77,0,0,Yes,None,None
0.5,5,61,0,63.63,0,0,Yes,None,None
0.5,5,55,0,54.93,0,0,Yes,None,None
0.5,5,56,0,52.35,0,0,Yes,None,None
0.99,5,84,1,205.42,0,0,Yes,None,None
0.99,5,92,2,372.03,0,0,Yes,None,None
0.69,4,15,1,156.27,0,0,Yes,None,None
0.15,10,12,1,89.33,0,0,Yes,None,None
0.5,6,50,0,92.81,0,0,Yes,None,None
0.3,15,29,0,122.83,0,0,None,None,None
0.04,5,22,0,74.8,0,0,Yes,None,Yes
0.53,5,24,0,120.6,0,0,Yes,Yes,None
1.5,5,89,0,189.13,0,0,Yes,None,None
1,4,15,1,108.32,0,0,Yes,None,None
0.7,4,12,0,63.43,0,0,Yes,None,None
1,4,17,0,112.07,0,0,None,None,None
0.16,10,26,0,42.69,0,0,None,None,None
0.32,4,7,0,124.37,0,0,Yes,None,None
0.25,5,51,1,69.61,0,0,Yes,None,None
0.1,4,8,0,59.42,0,0,Yes,None,None
0.39,4,19,0,89.17,0,0,Yes,None,None
30,4.9,321,12,233.65,0,0,Yes,None,None
0.5,5,20,1,52.12,0,0,Yes,None,None
0.5,5,34,1,72.76,0,0,Yes,None,None
0.08,5,18,0,110.26,0,0,Yes,Yes,None
378,3,46,2,61.93,0,0,Yes,None,None
0.14,10,18,1,104.35,0,0,Yes,None,None
0.5,15,42,1,88.18,0,0,None,None,None
0.3,5,48,2,195.59,0,0,Yes,None,None
0.5,5,44,2,220.37,0,0,Yes,None,None
0.5,5,32,1,222.35,0,0,Yes,None,None
0.2,5,42,0,102.16,0,0,Yes,None,None
2,5,93,0,100.07,0,0,Yes,None,None
0.15,5,15,0,106.29,0,0,Yes,Yes,None
1.5,10,26,0,83.23,0,0,Yes,None,None
0.1,10,35,0,72.28,0,0,Yes,None,None
2.5,5,50,1,93.51,0,0,Yes,None,None
0.2,5,19,0,128.28,0,0,Yes,Yes,None
1.9,10,102,3,42.55,0,0,Yes,None,None
0.13,5,27,1,135.44,0,0,Yes,Yes,None
0.19,8,13,0,300.56,0,0,Yes,None,None
10,5,4326,0,158.52,0,0,Yes,Yes,None
0.3,5,16,0,56.75,0,0,Yes,None,None
0.55,3,53,0,136.33,0,0,Yes,None,None
3.2,5.5,89,3,3.56,0,0,None,None,None
0.6,10,48,0,81.58,0,0,Yes,None,None
3,5.5,111,2,1.84,0,0,None,None,None
3,5.5,169,3,8.24,0,0,None,None,None
2,8,123,1,95.97,0,0,None,Yes,None
0.9,3,82,0,77.62,0,0,Yes,None,None
0.12,10,18,0,123.2,0,0,Yes,None,None
0.1,10,13,0,131.44,0,0,None,None,None
2,5,50,3,125.58,0,0,Yes,None,None
2,5,63,1,103.56,0,0,Yes,None,None
4,5,241,3,215.93,0,0,Yes,None,None
1.8,5,50,1,57.47,0,0,Yes,None,Yes
0.3,5,15,0,113.46,0,0,Yes,None,None
0.4,5,37,1,107.1,0,0,Yes,Yes,None
2.3,5,91,6,144.55,0,0,Yes,None,None
1.8,5,58,1,110.61,0,0,Yes,None,None
0.4,5,20,1,92.97,0,0,Yes,None,None
0.99,5,55,0,79.27,0,0,None,None,Yes
0.2,10,24,1,164.27,0,0,Yes,None,None
6,5,172,0,69.64,0,0,Yes,None,Yes
0.49,10,31,0,225.16,0,0,Yes,None,None
3.5,5,435,2,196.11,0,0,Yes,None,None
120,5,36,0,50.54,0,0,Yes,None,Yes
0.2,5,22,0,59.23,0,0,Yes,None,None
1,5,55,2,94.32,0,0,Yes,None,None
0.3,5,26,0,56.3,0,0,Yes,None,None
0.27,3,28,0,65.9,0,0,Yes,None,None
1.5,5,68,0,55.56,0,0,Yes,None,Yes
0.26,3,20,0,82.46,0,0,Yes,None,None
0.26,3,26,0,53.13,0,0,Yes,None,None
0.19,3,25,0,58.82,0,0,Yes,None,None
0.19,3,36,1,74.77,0,0,Yes,None,None
0.08,5,19,2,108.09,0,0,Yes,Yes,None
0.2,8,17,0,127.15,0,0,Yes,None,None
0.6,5,47,2,101.85,0,0,Yes,None,None
0.99,9,64,1,82.69,1,0,Yes,None,None
0.1,5,31,0,117.23,0,0,Yes,None,None
0.1,15,30,0,121.27,0,0,None,None,None
0.1,15,29,0,100.17,0,0,None,None,None
0.4,5,48,1,57.52,0,0,Yes,None,Yes
2.6,5,103,2,111.72,0,0,Yes,None,None
2.6,5,98,1,98.7,0,0,None,None,None
2.2,5,82,0,49.45,0,0,Yes,None,None
2.2,5,82,0,46.82,0,0,Yes,None,None
1.5,5,57,0,45.9,0,0,Yes,None,None
0.45,5,21,0,50.71,0,0,Yes,None,None
0.5,5,26,0,47.18,0,0,Yes,None,None
1.3,5,64,0,37.47,0,0,Yes,None,None
1,5,60,0,51.36,0,0,Yes,None,None
1.5,5,83,1,66.59,0,0,Yes,None,None
4,5,264,5,86.78,0,0,Yes,None,Yes
0.19,10,20,0,79.92,0,0,None,None,None
0.25,5,49,0,94.9,0,0,Yes,None,None
1,5,66,0,58.75,0,0,None,None,None
0.19,10,22,0,86.02,0,0,Yes,None,None
0.96,4,9,0,111.5,0,0,Yes,None,None
0.93,5,73,0,41.88,0,0,Yes,None,None
0.19,4,16,0,108.75,0,0,Yes,None,None
1.9,5,91,0,83.47,0,0,Yes,None,Yes
0.96,4,16,0,97.02,0,0,Yes,None,None
0.96,4,26,1,100.52,0,0,Yes,None,None
0.96,4,46,0,105.34,0,0,None,None,None
0.3,15,72,2,225.28,0,0,None,None,None
0.79,15,66,5,233.29,0,0,None,None,None
0.4,5,49,4,121.05,0,0,Yes,Yes,None
1,5,38,1,131.39,0,0,Yes,Yes,None
0.1,8,29,3,225.23,0,0,Yes,None,None
0.3,8,29,1,103.89,0,0,Yes,None,None
1.98,15,34,0,161.65,0,0,None,None,None
0.72,5,46,5,90.74,0,0,Yes,None,None
1.7,15,67,0,259.35,0,0,None,None,None
1.1,15,64,0,295.31,0,0,None,None,None
0.13,10,20,0,160.65,0,0,Yes,None,None
0.13,10,11,1,156.57,0,0,Yes,None,None
0.13,10,34,0,136.07,0,0,Yes,None,None
0.13,10,20,0,168.65,0,0,Yes,None,None
0.13,10,30,0,182.66,0,0,Yes,None,None
0.13,10,26,0,120.22,0,0,Yes,None,None
0.13,10,46,4,223.85,0,0,Yes,None,None
0.22,10,23,1,184.06,0,0,Yes,None,None
0.5,5,36,0,105.12,0,0,Yes,Yes,None
0.5,5,55,1,81.1,0,0,Yes,None,None
0.16,3,15,1,62.84,0,0,Yes,None,None
4.99,5,172,2,224.53,0,0,Yes,None,None
2,4.9,94,1,129.92,0,0,Yes,None,None
0.9,5,38,2,109.59,0,0,Yes,Yes,None
0.58,1,101,0,72.12,0,0,Yes,None,None
1.42,8,86,4,404.86,0,0,Yes,None,None
2,5,18,1,67.1,0,0,Yes,None,None
0.89,3,26,0,54.11,0,0,Yes,None,None
2,5,46,0,145.99,0,0,None,None,None
0.28,3,46,0,61.79,0,0,Yes,None,None
1.99,5,96,2,92.88,0,0,Yes,None,None
1.2,5,77,0,94.02,0,0,Yes,None,None
0.09,5,17,0,105.4,0,0,Yes,Yes,None
0.78,5,38,2,98.54,0,0,Yes,None,None
0.1,5,33,0,118.11,0,0,Yes,Yes,None
5,5,3783,2,122.27,0,0,Yes,None,None
3.14,5,6424,3,130.53,0,0,Yes,Yes,None
0.2,10,15,1,103.18,0,0,Yes,None,None
1.6,5,86,0,55.55,0,0,Yes,None,Yes
3.99,5,256,3,64.35,0,0,Yes,None,Yes
0.2,5,53,0,96.69,0,0,Yes,None,None
0.5,4,51,2,65.52,0,0,Yes,None,None
1.5,5,98,3,85.72,0,0,Yes,None,Yes
4,5,352,9,121.59,0,0,Yes,None,Yes
1.4,10,68,0,191.41,0,0,Yes,None,None
1.65,5,91,3,102.88,0,0,Yes,Yes,None
3,5,178,2,51.6,0,0,Yes,None,None
6,5,747,7,52.3,0,0,Yes,None,None
0.75,10,50,0,92.7,0,0,Yes,None,None
1.9,5,148,3,148.97,0,0,None,None,None
2,5,208,1,50.31,0,0,Yes,None,None
3.01,5,263,2,274.73,0,0,Yes,None,None
1,5,110,0,134.84,0,0,Yes,Yes,None
0.8,4,226,0,68.09,0,0,Yes,None,None
0.22,3,66,6,49.16,0,0,Yes,None,None
1,3,62,2,133.63,0,0,Yes,None,None
1,15,44,3,295.06,0,0,None,None,None
0.8,15,75,2,275.24,0,0,None,None,None
0.3,10,37,0,238.66,0,0,Yes,None,None
0.19,5,33,2,97.85,0,0,Yes,None,None
0.2,5,16,2,102.32,0,0,Yes,None,None
1,15,24,0,116.37,0,0,None,None,None
0.99,5,26,1,103.35,0,0,Yes,Yes,None
1,15,21,0,207.07,0,0,None,None,None
0.99,5,25,1,97.55,0,0,Yes,None,None
0.37,0,33,0,56.33,0,0,Yes,None,None
0.2,5,22,1,102.77,0,0,Yes,None,None
0.9,5,30,1,100.07,0,0,Yes,None,None
3,5,50,2,96.58,0,0,Yes,None,None
0.25,5,44,0,76.14,0,0,Yes,None,None
0.42,4.9,22,1,112.38,0,0,Yes,None,None
0.5,4,40,3,35.9,0,0,Yes,None,None
0.3,8,14,0,114.93,0,0,Yes,None,None
1,8,32,0,188.32,0,0,Yes,None,None
3.33,5,86,0,70.46,0,0,Yes,None,Yes
5,10,208,0,9114.61,0,0,Yes,None,None
1,5,49,0,59.35,0,0,Yes,None,None
0.5,5,17,1,111.36,0,0,Yes,Yes,None
1,5,34,1,126.45,0,0,Yes,Yes,None
0.5,5,39,1,328.05,0,0,Yes,None,None
0.1,10,48,0,88.77,0,0,Yes,None,None
0.6,10,55,3,72.24,0,0,Yes,None,None
3,8,227,3,6828.43,0,0,Yes,None,None
3,8,95,2,2320.67,0,0,Yes,None,None
0.55,0,32,1,85.66,0,0,Yes,None,None
1,4,43,0,100.45,0,0,Yes,None,None
0.5,8,22,0,343.91,0,0,Yes,None,None
1.5,8,39,0,510.33,0,0,Yes,None,None
0.09,3,14,0,65.17,0,0,Yes,None,None
0.35,5,36,0,138.8,0,0,None,None,None
5,5,24,0,89.31,0,0,Yes,None,None
0.2,5,20,0,93.99,0,0,Yes,None,None
0.5,3,48,2,69.68,0,0,Yes,None,None
0.25,0.05,31,0,141.67,0,0,Yes,None,None
0.5,0.05,52,0,139.37,0,0,Yes,None,None
1.1,0.05,86,2,112.67,0,0,Yes,None,None
0.25,0.05,20,0,113.64,0,0,Yes,None,None
35,15,8654,24,128.32,0,0,Yes,None,Yes
0.4,5,25,2,83.35,0,0,Yes,None,None
0,8,29,0,6770.78,0,0,Yes,None,None
0.09,8,17,0,3537.17,0,0,Yes,None,None
1,5,112,1,90.86,0,0,Yes,None,None
0.51,4.9,46,2,170.03,0,0,Yes,None,None
0.08,0.05,29,2,90.99,0,0,Yes,None,None
3,5,21,0,53.07,0,0,Yes,None,None
0.2,3,34,0,52.94,0,0,Yes,None,None
2,10,36,0,543.75,0,0,None,None,None
0.67,9,65,3,133.65,1,0,Yes,None,None
0.2,10,32,0,42.83,0,0,None,None,None
0.6,15,22,0,154.31,0,0,None,None,None
0.3,4,14,0,41.39,0,0,Yes,None,None
0.4,4,14,0,47.08,0,0,Yes,None,None
3,8,164,2,6815.43,0,0,Yes,None,None
0.4,0.05,12,1,90.9,0,0,Yes,None,None
1,0.05,10,1,114.66,0,0,Yes,None,None
0.25,0.05,13,1,137.23,0,0,Yes,None,None
0.6,0.05,7,2,123.37,0,0,Yes,None,None
0.4,5,35,2,68.64,0,0,Yes,None,None
0.3,5,30,2,89.05,0,0,Yes,None,None
0.25,0.05,19,0,83.65,0,0,Yes,None,None
0.5,1,47,0,35.28,0,0,None,None,None
0.5,0.05,7,0,61.26,0,0,Yes,None,None
0.4,0.05,9,0,110.85,0,0,Yes,None,None
6,5.5,222,4,8.24,0,0,None,None,None
0.2,0.05,5,0,61.61,0,0,Yes,None,None
0.5,0.05,11,1,124.48,0,0,Yes,None,None
0.2,0.05,17,1,87.71,0,0,Yes,None,None
0.1,5,14,0,146.72,0,0,Yes,None,None
0.9,5,78,0,98.96,0,0,Yes,None,None
1.2,5,125,3,75.5,0,0,Yes,None,None
1.11,10,61,0,414.62,0,0,None,None,None
3.33,5,432,10,62.55,0,0,Yes,None,Yes
2,5,23,0,99.35,0,0,Yes,None,None
0.17,5,22,0,148.86,0,0,Yes,None,None
1.5,4,21,0,58.71,0,0,Yes,None,None
2.2,4.9,116,5,154.14,0,0,Yes,None,None
0.75,10,17,0,122.86,0,0,Yes,None,None
0.75,10,18,0,225.74,0,0,Yes,None,None
0.95,15,23,0,75.77,0,0,None,None,None
2.3,5,45,0,36.06,0,0,Yes,None,None
2,5,78,0,116.45,0,0,Yes,None,None
0.2,4,13,0,74.24,0,0,Yes,None,None
0.1,4,16,0,64.67,0,0,Yes,None,None
0.1,4,20,0,66.39,0,0,Yes,None,None
0.3,0.05,27,0,90.29,0,0,Yes,None,None
0.1,5,24,0,101.23,0,0,Yes,Yes,None
0.5,5,35,1,110.11,0,0,Yes,Yes,None
0.64,3,51,0,87.8,0,0,Yes,None,None
1,8,105,2,113.94,0,0,Yes,None,None
0.4,5,47,1,56.57,0,0,Yes,None,None
0.3,5,32,1,96.51,0,0,Yes,None,None
1.2,5,96,3,81.83,0,0,Yes,None,None
0.8,5,16,1,100.48,0,0,Yes,None,None
10,5,2646,78,109.92,0,0,Yes,None,None
0.33,10,44,0,66.59,0,0,Yes,None,None
2,5,45,2,221.7,0,0,Yes,None,None
2,5,53,0,46.09,0,0,Yes,None,None
2,5,51,0,49.42,0,0,Yes,None,None
5,5,57,1,75.41,0,0,Yes,None,None
0.1,10,10,0,131.4,0,0,Yes,None,None
0.5,10,18,1,234.03,0,0,Yes,None,None
5,5,245,4,37.46,0,0,Yes,None,None
5,5,574,0,305.51,0,0,Yes,None,None
4.4,5,331,3,63.05,0,0,Yes,None,Yes
0.3,5,30,0,71.84,0,0,Yes,None,Yes
2,8,86,0,95.77,0,0,None,Yes,None
5,0.05,231,6,286.15,0,0,Yes,None,None
1,5,70,2,134.5,0,0,Yes,None,None
12,5,4538,145,155.33,0,0,None,None,Yes
0.25,0.05,27,8,88.8,0,0,Yes,None,None
1.75,8,1286,3,381.18,0,0,Yes,None,None
0.12,10,23,0,118.55,0,0,Yes,None,None
0.2,10,32,0,134.1,0,0,Yes,None,None
0.2,5,33,1,248.39,0,0,Yes,None,None
0.32,4.9,34,0,112.15,0,0,Yes,None,None
0.26,5,41,0,84.13,0,0,None,None,None
0.16,5,24,1,137.57,0,0,Yes,None,None
0.05,10,15,2,84.94,0,0,Yes,None,None
1.2,4,108,7,192.9,0,0,Yes,None,None
1.1,5,33,0,86.08,0,0,None,None,None
1.4,5,97,2,153.7,0,0,Yes,None,None
0.5,5,46,1,49.05,0,0,Yes,None,None
0.6,10,28,0,69.68,0,0,None,None,None
0.6,10,22,0,72.46,0,0,None,None,None
0.1,1,66,0,32.17,0,0,None,None,None
0.1,5,23,0,252.94,0,0,Yes,None,None
4,5,453,3,120.61,0,0,None,None,None
2.4,3,237,2,73.32,0,0,Yes,None,None
6,8,945,3,6890.96,0,0,Yes,None,None
0.3,5,62,3,68.91,0,0,Yes,None,None
0.3,5,49,1,48.74,0,0,Yes,None,None
0.5,5,42,0,87.66,0,0,None,None,None
0.3,5,34,0,60.47,0,0,Yes,None,None
3.6,8,346,3,273.23,0,0,Yes,None,None
0.38,10,9,0,81.54,0,0,None,None,None
0.3,5,44,0,47.45,0,0,Yes,None,None
0.24,0,23,3,143.41,0,0,None,None,None
4,8,896,34,3481.07,0,0,Yes,None,None
0.55,0,48,0,122.76,0,0,None,None,None
0.23,0,23,1,158.84,0,0,None,None,None
1.3,0,94,3,108.27,0,0,None,None,None
0.25,0,23,1,111.26,0,0,None,None,None
0.25,0,21,2,121.24,0,0,None,None,None
0.26,0,32,0,62.18,0,0,None,None,None
0.26,0,35,0,85.93,0,0,None,None,None
4.2,0,91,3,228.05,0,0,None,None,None
0.23,0,36,0,80.9,0,0,None,None,None
0.36,5,49,2,60.71,0,0,Yes,None,None
0.26,0,33,0,79.72,0,0,None,None,None
0.38,0,40,0,58.22,0,0,None,None,None
1.28,0,94,0,164.86,0,0,None,None,None
0.12,0,17,0,126.14,0,0,None,None,None
1.9,3,21,0,67.85,0,0,Yes,None,None
1.29,0,110,6,127.33,0,0,None,None,None
0.27,0,21,1,50.8,0,0,None,None,None
0.2,0,28,0,91.28,0,0,None,None,None
1.28,0,11,0,63.3,0,0,None,None,None
0.5,5,19,0,43.24,0,0,Yes,None,None
0.5,5,24,0,35.65,0,0,Yes,None,None
5,5,654,39,137.4,0,0,None,Yes,None
0.24,0,26,2,118.79,0,0,None,None,None
0.26,0,36,3,65.31,0,0,None,None,None
0.99,10,91,2,85.13,0,0,Yes,None,None
0.5,5,25,0,62.93,0,0,Yes,None,Yes
0.2,0,22,0,91.3,0,0,None,None,None
2,5,67,0,104.21,0,0,Yes,None,Yes
2.45,0,165,3,214.4,0,0,None,None,None
0.5,5,53,0,207.48,0,0,Yes,None,None
0.25,5,24,0,120.92,0,0,None,None,None
1.69,0,156,5,77.98,0,0,None,None,None
0.7,5,65,9,60.63,0,0,None,None,None
1.34,0,146,0,137.26,0,0,None,None,None
0.08,8,19,2,48.87,0,0,Yes,None,None
0.7,0,79,8,169.52,0,0,None,None,None
2.45,0,241,13,136.04,0,0,None,None,None
1,10,92,2,73.96,0,0,Yes,None,None
2,5,234,5,147.78,0,0,Yes,None,None
0.09,8,3,0,207.9,0,0,Yes,None,None
1.5,8,63,2,532.79,0,0,Yes,None,None
0.8,8,24,0,168.4,0,0,Yes,None,None
0.5,5,33,1,116.39,0,0,Yes,Yes,None
0.05,15,14,0,126.86,0,0,None,None,None
0.04,15,12,0,116.63,0,0,None,None,None
0.02,15,9,0,60.37,0,0,None,None,None
0.05,15,9,0,47.2,0,0,None,None,None
0.1,15,9,0,89.46,0,0,None,None,None
0.2,15,14,0,230.59,0,0,None,None,None
0.5,15,10,0,188.38,0,0,None,None,None
0.3,15,11,0,84.52,0,0,None,None,None
10,15,1568,40,180.45,0,0,None,None,None
0.05,15,11,0,195.58,0,0,None,None,None
0.08,15,16,0,249.74,0,0,None,None,None
0.5,5,52,1,92.86,0,0,Yes,None,None
1,5,52,0,65.47,0,0,Yes,None,None
2.2,5,56,0,129.24,0,0,None,None,None
0.5,5,52,3,96.34,0,0,Yes,None,None
1.2,5,94,5,190.02,0,0,Yes,None,None
1.1,0.05,52,0,313.11,0,0,Yes,None,None
1,4,53,2,148.61,0,0,Yes,None,None
0.47,5,44,0,301.75,0,0,Yes,None,None
2.4,8,311,6,193.38,0,0,Yes,None,None
0.2,10,41,0,63.71,0,0,Yes,None,None
0.5,9,48,2,90.55,1,0,Yes,None,None
1,5,47,2,105.4,0,0,Yes,None,Yes
1,3,50,2,158.53,0,0,Yes,None,None
0.88,0.05,21,0,42.68,0,0,Yes,None,None
